{
    "children": [
      {
        "id": "1",
        "content": {
          "type": "Epic",
          "issuekey": "KEY-1",
          "summary": "This is summary of Epic 1",
          "status": "InProgress"
        },
        "hasChildren": true,
        "children": [
          {
            "id": "1.1",
            "content": {
              "type": "Feature",
              "issuekey": "KEY-3",
              "summary": "This is summary of Feature A",
              "status": "Open"
            },
            "hasChildren": false
          },
          {
            "id": "1.2",
            "content": {
              "type": "Feature",
              "issuekey": "KEY-4",
              "summary": "This is summary of Feature B",
              "status": "InProgress"
            },
            "hasChildren": true,
            "children": [
              {
                "id": "1.2.1",
                "content": {
                  "type": "Story",
                  "issuekey": "KEY-5",
                  "summary": "This is summary of Story X",
                  "status": "Open"
                }
              },
              {
                "id": "1.2.2",
                "content": {
                  "type": "Story",
                  "issuekey": "KEY-6",
                  "summary": "This is summary of Story Y",
                  "status": "InProgress"
                },
                "hasChildren": true,
                "children": [
                  {
                    "id": "1.2.2.1",
                    "content": {
                      "type": "Task",
                      "issuekey": "KEY-8",
                      "summary": "This is summary of Task",
                      "status": "InProgress"
                    }
                  }
                ]
              },
              {
                "id": "1.2.3",
                "content": {
                  "type": "Story",
                  "issuekey": "KEY-7",
                  "summary": "This is summary of Story Z",
                  "status": "Open"
                }
              }
            ]
          }
        ]
      },
      {
        "id": "2",
        "content": {
          "type": "Epic",
          "issuekey": "KEY-2",
          "summary": "This is summary of Epic 2",
          "status": "Open"
        },
        "hasChildren": false
      }
    ]
  }